,name,rank,all_time_high,all_time_low,7_days_high,7_days_low
0,foam,403,0.09001725,0.00532239,0.02217851,0.02000846
1,monacoin,91,16.45,0.02094446,1.38,1.28
2,loom-network,307,0.772485,0.00786348,0.02081533,0.01801763
3,unibright,144,0.593642,0.00793962,0.388711,0.339889
4,santiment-network-token,389,7.94,0.04644234,0.144829,0.129578
5,dash,32,1493.59,0.213899,73.32,66.87
6,cartesi,475,0.126902,0.02670608,0.03635316,0.02887528
7,compound-ether,39,9.75,1.89,8.25,7.74
8,hegic,240,0.258533,0.04329329,0.119924,0.08170911
9,spankchain,,,,,
10,iota,30,5.25,0.08163737,0.286875,0.258605
11,hycon,483,0.05465023,0.00096603,0.00293036,0.00225881
12,renbtc,52,13826.18,8877.48,13634.01,12919.89
13,mstable-usd,161,1.21,0.836303,1.00,0.990159
14,arpa-chain,338,0.07576248,0.00339441,0.01738525,0.01335833
15,status,99,0.684918,0.00592935,0.02419872,0.02212440
16,iot-chain,453,8.51,0.00720174,0.106078,0.08719393
17,presearch,437,0.814159,0.00050180,0.01646681,0.01602200
18,etherisc,287,0.142071,0.00226715,0.123525,0.101895
19,monero,14,542.33,0.216177,134.04,124.20
20,nimiq,286,0.01363641,0.00028326,0.00277421,0.00205607
21,safe2,317,551.40,68.94,243.67,154.46
22,storj,147,2.82,0.05023979,0.414225,0.329705
23,iost,105,0.129829,0.00160309,0.00550527,0.00492587
24,terra-krw,103,0.00093036,0.00008404,0.00093036,0.00087390
25,bittorrent,65,0.00184155,0.00013814,0.00033367,0.00030285
26,barnbridge,420,185.69,33.21,176.90,128.75
27,dune,374,0.371098,0.00108289,0.01993421,0.01364325
28,origintrail,220,0.364390,0.00385262,0.134861,0.09131601
29,sand,244,0.08099974,0.03342761,0.04079219,0.03528016
30,gochain,451,0.115975,0.00413163,0.00671405,0.00583123
31,bitcoin,1,19665.39,67.81,13655.19,12928.07
32,vidt-datalink,295,1.22,0.04289720,0.366974,0.320261
33,bitcoin-cash,5,3785.82,76.93,275.04,259.29
34,sushi,121,168.91,0.554417,0.687106,0.622304
35,crypto-com-coin,16,0.190943,0.01211960,0.101977,0.08873653
36,effect-ai,446,0.151193,0.00225723,0.03347266,0.02857026
37,avalanche,97,6.98,3.23,4.26,3.78
38,bzx-protocol,299,1.64,0.09835426,0.131876,0.103384
39,bitcoin-sv,10,438.61,42.02,181.17,166.09
40,medibloc,313,0.291672,0.00161437,0.00578567,0.00512965
41,force-protocol,231,0.131906,0.01018611,0.03248164,0.02778428
42,bitcoin-diamond,97,147.18,0.260892,0.536852,0.480872
43,idex,217,0.409674,0.00563813,0.05674023,0.05014028
44,ignis,281,20.25,0.01125398,0.02280704,0.02151901
45,kava,157,5.49,0.287137,1.93,1.45
46,hypercash,165,37.13,0.604271,1.10,0.929136
47,suku,361,0.529154,0.03459299,0.123663,0.08092812
48,lto-network,319,0.232689,0.01589931,0.06609037,0.05462745
49,eos,13,22.71,0.502400,2.70,2.63
50,celer-network,315,0.02895706,0.00095575,0.00437025,0.00362836
51,nkn,351,0.535141,0.00667819,0.01932943,0.01693798
52,salt,411,17.22,0.04169861,0.125312,0.08608953
53,defipulse-index,309,159.08,63.97,80.45,66.62
54,reserve-rights-token,86,0.03104175,0.00121354,0.01681984,0.01188035
55,seth,365,532.47,0.01254476,408.49,386.12
56,crdt,216,0.239456,0.00035063,0.154119,0.143645
57,energy-web-token,63,13.65,0.543628,6.95,6.11
58,bytecoin,226,0.145166,0.00000632,0.00014005,0.00012208
59,troy,495,0.01166996,0.00133200,0.00301023,0.00255073
60,divi,110,0.111980,0.00164792,0.03566912,0.03172562
61,cnns,467,0.01640245,0.00204164,0.00368263,0.00310873
62,zcoin,179,139.77,0.279591,4.25,3.40
63,swissborg,142,0.171378,0.00502687,0.07328538,0.06503259
64,edgeware,183,5.16,0.00140039,0.00784139,0.00645014
65,huobi-token,25,6.07,0.908620,4.50,4.23
66,bread,524,2.78,0.06127247,0.08819996,0.06710034
67,0x,58,2.50,0.120667,0.379188,0.332097
68,uquid-coin,115,8.44,0.02606502,7.16,6.66
69,steem-dollars,461,14.18,0.233940,1.01,0.977519
70,zb-token,160,0.783399,0.111496,0.269525,0.258764
71,bancor-network,169,10.72,0.120935,0.938812,0.625748
72,bounce-token,377,956.66,94.02,500.27,396.93
73,vitae,94,4.35,0.04961781,4.27,3.74
74,wings,463,2.08,0.00122790,0.100591,0.06294662
75,gatetoken,95,1.19,0.257540,0.510079,0.478353
76,injective-protocol,358,1.22,0.663149,1.19,0.680862
77,alpha-finance,484,0.07756444,0.02720966,0.03452762,0.02883261
78,nano,88,33.69,0.02617900,0.862975,0.761077
79,everex,494,6.13,0.09412077,0.252664,0.230548
80,proximax,367,0.03614025,0.00037618,0.00158890,0.00134495
81,dify-finance,370,2001.60,484.86,1061.53,620.40
82,wagerr,428,0.934216,0.00621028,0.03472829,0.03000592
83,monolith,366,4.39,0.00005800,0.309606,0.264405
84,ravencoin,104,0.07889511,0.00893232,0.01253988,0.01132525
85,waykichain,195,2.83,0.09565367,0.193765,0.173003
86,gnosis,136,441.99,6.88,54.99,40.97
87,band-protocol,89,17.51,0.203625,6.03,4.62
88,whale,237,14.41,0.149698,6.45,5.82
89,nebulas,328,13.38,0.150242,0.320797,0.274253
90,xrp,4,3.40,0.00268621,0.256077,0.242287
91,pumapay,421,0.00225773,0.00007624,0.00031327,0.00023791
92,ultiledger,227,0.03717303,0.00608351,0.01334758,0.01285434
93,wink,223,0.00049642,0.00004185,0.00008252,0.00008043
94,bitmax-token,186,0.307045,0.01307461,0.04447227,0.04300798
95,constellation,129,0.05403990,0.00110189,0.01085253,0.01007958
96,aragon,84,10.61,0.301888,3.35,3.01
97,btse-token,293,3.20,0.989904,2.33,2.13
98,coinmetro,401,0.122404,0.01235123,0.03967798,0.03582809
99,theta-network,34,0.797625,0.04039979,0.721658,0.592823
100,btu-protocol,212,1.22,0.08838742,0.406441,0.349792
101,verus-coin,258,0.421587,0.02490626,0.365984,0.335139
102,bella-protocol,322,9.99,0.779780,0.916581,0.785297
103,iqeon,375,1.99,0.07605308,1.94,1.75
104,ren,60,0.595017,0.01548000,0.339212,0.256884
105,metal,260,17.03,0.117252,0.323884,0.294421
106,hedera-hashgraph,69,0.325084,0.00986111,0.03302866,0.02952361
107,harmony,204,0.03042139,0.00127355,0.00481039,0.00415807
108,top-network,477,0.03518782,0.00070552,0.00158619,0.00131305
109,quarkchain,219,0.338765,0.00137714,0.00499582,0.00458065
110,distx,556,0.255503,0.05882341,0.156979,0.116571
111,algorand,64,3.56,0.105336,0.308512,0.256468
112,linka,490,0.02299821,0.00007284,0.00462991,0.00431658
113,enigma,205,8.19,0.07053982,0.602383,0.395171
114,ampleforth,80,4.07,0.155869,1.28,1.04
115,waltonchain,406,41.15,0.144959,0.331636,0.268619
116,pnetwork,329,1.39,0.366985,0.440107,0.410570
117,vertcoin,310,9.80,0.00634731,0.651441,0.266747
118,instar,342,0.117194,0.00467988,0.05210384,0.04679096
119,trustswap,331,1.65,0.03124961,0.238853,0.186428
120,beam,274,10.03,0.155794,0.252346,0.235575
121,nash-exchange,335,3.31,0.409860,0.971682,0.841832
122,eterbase,,,,,
123,xplosive-ethereum,384,14.50,1.73,3.63,2.17
124,streamr-datacoin,230,0.454557,0.00472426,0.04267168,0.03703830
125,bluzelle,298,0.783089,0.00654948,0.08712600,0.06570721
126,sylo,502,0.00746127,0.00152722,0.00237804,0.00195202
127,ardor,138,2.04,0.00874500,0.05510015,0.04886788
128,nest-protocol,108,0.237647,0.01014946,0.05155975,0.04241794
129,akropolis,266,0.06167709,0.00053110,0.01232386,0.00899153
130,ethereum,2,1448.18,0.432979,411.96,386.45
131,aave-dai,185,1.71,0.901359,1.01,0.998173
132,elrond,83,21.14,6.51,9.27,7.38
133,wrapped-bitcoin,18,14024.71,3139.17,13644.36,12919.55
134,kadena,400,0.966701,0.06581137,0.216470,0.169374
135,digixdao,344,596.85,0.00000004,78.87,74.27
136,wirex,247,0.03501342,0.00659465,0.00893505,0.00865519
137,blocknet,408,59.66,0.01759274,1.28,0.928544
138,bytom,90,1.16,0.03706362,0.06341549,0.05945213
139,powerpool-concentrated-voting-power,332,17.27,1.28,2.31,1.46
140,telos,478,0.273826,0.01256633,0.01887483,0.01707913
141,groestlcoin,321,2.60,0.00007701,0.185453,0.177568
142,kyber-network,71,5.80,0.116184,0.932611,0.816529
143,cream,284,289.47,9.36,34.35,20.78
144,wax,141,2.77,0.01594711,0.03920067,0.03540568
145,dmarket,426,1.83,0.04941027,0.143583,0.137745
146,axel,278,0.311988,0.07674447,0.189055,0.177381
147,bitcoin-rhodium,532,50.61,0.573290,4.39,3.58
148,zenon,303,12.44,0.233719,2.74,2.52
149,civic,277,1.35,0.01102541,0.02987330,0.02637898
150,obyte,251,1185.39,7.76,27.89,25.99
151,lamden,486,0.498623,0.00363671,0.03870444,0.03299971
152,fantom,162,0.05519529,0.00190227,0.02566220,0.01677017
153,locktrip,456,3.89,0.120860,0.402822,0.361450
154,aeternity,181,5.69,0.05913542,0.111490,0.09919620
155,digix-gold,452,108.83,6.00,61.20,59.93
156,hive,153,0.970450,0.08730906,0.145446,0.120362
157,yuan-chain-coin,230,0.04018770,0.00360686,0.00786612,0.00732588
158,aave-old,132,0.889126,0.00329759,0.406497,0.290187
159,compound,44,372.79,61.32,108.83,96.58
160,fio-protocol,385,0.424098,0.07415680,0.09977147,0.07623916
161,sharetoken,151,0.05189976,0.00008787,0.02105970,0.01783937
162,orbs,302,0.04906033,0.00469039,0.01436791,0.01230874
163,wazirx,250,0.226659,0.04757088,0.09324900,0.08673819
164,apm-coin,156,1.07,0.03753211,0.177472,0.122280
165,newscrypto-coin,269,0.284788,0.01445461,0.188182,0.175156
166,howdoo,513,0.126607,0.00117046,0.02380828,0.01696932
167,dego-finance,437,2.13,0.424159,1.42,1.18
168,neblio,459,49.25,0.212643,0.421545,0.351941
169,contentos,268,0.08468527,0.00419724,0.00664258,0.00575235
170,redfox-labs,207,0.02696929,0.01152142,0.01923048,0.01715827
171,kulupu,389,2.77,0.121279,0.334556,0.150393
172,orion-protocol,267,6.94,0.543143,1.69,1.44
173,covesting,362,2.38,0.00361482,0.494477,0.435410
174,rio-defi,475,0.260951,0.04347502,0.07386935,0.04569009
175,syndicate,,,,,
176,wrapped-nxm,166,77.47,8.14,28.24,22.91
177,noia-network,253,0.147845,0.00214757,0.07361902,0.06166435
178,tbtc,330,14012.78,9161.48,13653.06,12976.66
179,aurora,403,0.06104356,0.00066127,0.00331283,0.00180519
180,susd,124,2.45,0.429697,1.01,0.995508
181,qtum,62,100.22,0.783142,2.31,2.04
182,odem,469,0.550241,0.00380546,0.02814993,0.01838630
183,paxos-standard,40,1.13,0.908175,1.00,0.997487
184,darico-ecosystem-coin,,,,,
185,chainlink,6,19.83,0.148183,12.73,11.27
186,pchain,455,0.919666,0.00002812,0.00879501,0.00786459
187,harvest-finance,228,5078.47,67.46,244.97,86.31
188,ankr-network,168,0.01805371,0.00070728,0.00980814,0.00739850
189,decentraland,98,0.267814,0.00923681,0.07430226,0.06665798
190,syscoin,238,1.03,0.00020971,0.04522456,0.04022115
191,nuco-cloud,377,1.57,1.02,1.55,1.31
192,lambda,218,0.276180,0.00707425,0.01797580,0.01512586
193,dia,210,5.13,0.801169,1.43,1.16
194,serum,137,3.75,0.109876,1.10,1.00
195,mxc,199,0.04256155,0.00110900,0.01537000,0.01224747
196,dynamic,381,7.53,0.00863199,0.500970,0.351046
197,electra,480,0.00829072,0.00000001,0.00018716,0.00016374
198,dragonchain,347,5.46,0.02048850,0.05426474,0.03820444
199,elastos,214,89.14,0.852971,1.65,1.51
200,litecoin,9,360.66,1.15,59.08,54.80
201,crypterium,248,1.58,0.07275838,0.243748,0.212220
202,swag-finance,351,0.358136,0.06868011,0.185035,0.08947190
203,ieth,429,771.05,44.93,245.15,214.97
204,aave-link,51,19.78,4.30,12.67,11.47
205,phantasma,436,0.770462,0.00960482,0.08393385,0.06702191
206,ontology,46,10.92,0.232370,0.548185,0.453283
207,yam,386,41.40,0.570769,1.09,0.799286
208,cosmos,23,8.84,1.16,5.54,4.63
209,sbtc,209,16350.76,4107.15,13871.37,12852.84
210,universa,473,0.05375490,0.00005226,0.00203549,0.00177362
211,district0x,417,0.429949,0.00216748,0.00997291,0.00872384
212,request-network,318,1.06,0.00454707,0.02144644,0.01733782
213,mx-token,233,0.434823,0.04218457,0.165021,0.159153
214,quant,68,16.56,0.215773,16.17,13.15
215,helium,171,3.87,0.113248,1.07,0.883831
216,dxdao,446,523.77,24.14,140.96,125.47
217,nervos-network,106,0.01282004,0.00248711,0.00411241,0.00378982
218,filecoin,28,208.95,20.95,38.96,24.70
219,buysell,349,50.08,0.00053583,3.07,2.11
220,genesis-vision,506,39.96,0.375161,1.40,1.12
221,tael,529,5.31,0.04397804,0.09468432,0.07206802
222,dforce-token,333,1.50,0.07160974,0.09916210,0.07880619
223,siacoin,82,0.09286775,0.00001262,0.00280612,0.00250679
224,golem,107,1.32,0.00913753,0.09502602,0.08362263
225,peercoin,476,9.45,0.09963495,0.233666,0.199403
226,crypto20,241,3.89,0.01643348,0.731581,0.629546
227,cherry,348,3.97,0.954482,3.48,2.20
228,cocos-bcx,343,0.00792066,0.00018783,0.00027316,0.00026400
229,linkeye,413,0.103824,0.00100386,0.01153495,0.00966925
230,ark,152,10.22,0.03394030,0.330840,0.295051
231,bitcny,445,1.30,0.04263510,0.151649,0.148951
232,secret,263,0.707907,0.318314,0.391223,0.329004
233,selfkey,440,0.04331005,0.00054507,0.00278777,0.00223545
234,pancakeswap,281,1.42,0.317004,0.654432,0.404105
235,waves,51,16.08,0.130878,3.44,3.02
236,yfvalue,510,83.81,2.36,3.21,2.49
237,math,126,0.618031,0.137245,0.481787,0.466888
238,alchemy-pay,411,0.04065808,0.00755992,0.01154101,0.00999484
239,true-usd,57,1.62,0.883550,1.00,0.997209
240,aave-snx,405,8.07,1.66,3.83,3.50
241,keep-network,202,6.10,0.266634,0.424344,0.331108
242,telcoin,384,0.00475120,0.00006474,0.00018446,0.00016897
243,zano,447,3.67,0.146452,0.557513,0.495528
244,thundercore,205,0.05242378,0.00246661,0.00496003,0.00464172
245,cardano,12,1.18,0.01925275,0.107971,0.09526656
246,power-ledger,191,1.89,0.03262537,0.08871686,0.07811363
247,empty-set-dollar,109,23.88,0.359697,2.29,0.435839
248,sero,201,0.551920,0.03174428,0.106851,0.09976960
249,dfi-money,140,9251.70,97.84,1902.06,1272.60
250,hyperion,245,1.09,0.02509674,0.147519,0.09129723
251,aleph-im,442,0.664723,0.00623944,0.117601,0.104840
252,chainx,264,9.60,0.491592,2.95,2.49
253,achain,496,1.48,0.00242272,0.00751021,0.00617615
254,singularitynet,176,0.950230,0.00747159,0.04146577,0.03837545
255,terra-luna,76,5.60,0.121798,0.316409,0.301633
256,vethor-token,284,0.04671227,0.00015238,0.00064513,0.00056183
257,sora,303,182.47,0.08584162,50.67,42.41
258,pundi-x,177,0.01446299,0.00007686,0.00016748,0.00014903
259,videocoin,419,0.377596,0.03599378,0.05074508,0.04516691
260,usd-coin,11,1.17,0.924188,1.00,0.998644
261,audius,404,0.849269,0.04373710,0.232809,0.09996735
262,grin,301,261.65,0.260021,0.284128,0.266501
263,okb,21,7.40,0.580608,4.67,4.50
264,energi,131,10.19,0.245190,1.78,1.65
265,yf-link,261,1879.17,11.91,438.51,357.04
266,quantstamp,273,0.780237,0.00417990,0.02710159,0.02209208
267,bosagora,229,0.200601,0.00767080,0.09162665,0.08559307
268,tomochain,155,2.27,0.139955,0.684842,0.581760
269,parsiq,306,0.383484,0.00185750,0.136477,0.103212
270,libratoken,429,0.339921,0.00731772,0.01620878,0.01057090
271,polymath-network,194,1.59,0.01100606,0.05277519,0.04213348
272,uniswap,36,8.40,1.03,3.01,2.54
273,stasis-eurs,173,1.32,0.979664,1.18,1.16
274,utrust,157,1.18,0.00540831,0.104993,0.08925464
275,venus,346,7.14,1.65,3.59,2.90
276,lition,429,0.370682,0.01478466,0.176379,0.113114
277,zbg_token,221,0.246428,0.02621194,0.05672278,0.05218457
278,travala,292,2.43,0.01218947,0.477778,0.412506
279,adex,246,3.49,0.03511504,0.256835,0.212275
280,tenx,443,5.22,0.01703792,0.05823406,0.05262400
281,chromia,354,0.113379,0.00874003,0.02998522,0.02332887
282,wanchain,198,9.84,0.07651775,0.266360,0.246839
283,maidsafecoin,146,1.17,0.01110700,0.112057,0.09259279
284,compound-0x,145,0.282705,0.00256919,0.00768295,0.00681799
285,wing-finance,508,249.54,7.10,13.73,7.88
286,compound-basic-attention-token,390,0.247355,0.00184538,0.00453084,0.00387735
287,tron,15,0.231673,0.00180434,0.02704161,0.02654594
288,leo-token,22,2.03,0.799859,1.28,1.25
289,aave-mkr,369,746.93,432.39,599.45,546.12
290,pac-global,388,0.01750955,0.00000014,0.00070607,0.00053032
291,cybermiles,471,0.586270,0.00443932,0.00830529,0.00722743
292,verge,122,0.261874,0.00000223,0.00473566,0.00379060
293,v-systems,189,0.273952,0.01415844,0.01660366,0.01554187
294,pax-gold,112,2155.11,1399.64,1924.58,1873.90
295,perpetual-protocol,272,2.71,0.978912,1.18,1.12
296,propy,503,5.15,0.03035440,0.08897413,0.08175338
297,fetch-ai,196,0.471923,0.00816959,0.05647396,0.04514596
298,kusama,56,59.53,0.876572,35.23,26.69
299,ocean-protocol,74,0.748472,0.01284832,0.524254,0.394760
300,elf,163,2.60,0.03545756,0.09577165,0.08917255
301,zcash,35,3191.93,19.75,64.02,56.81
302,ost,465,1.31,0.00413136,0.00924918,0.00822570
303,dusk-network,325,0.678301,0.01113274,0.04145278,0.03737288
304,likecoin,417,0.01392899,0.00332565,0.00784581,0.00730173
305,dextools,448,0.161013,0.00001117,0.07156388,0.05785897
306,based-money,449,1393.40,0.362550,0.699043,0.430976
307,tether,3,1.32,0.572521,1.00,0.999617
308,swft-blockchain,423,0.02602909,0.00046438,0.00111829,0.00104276
309,switcheo,308,0.103042,0.00157932,0.02240220,0.01954040
310,sirin-labs-token,435,3.51,0.00362936,0.01256053,0.01128090
311,qash,324,2.56,0.02672164,0.03759909,0.03515994
312,smartcash,422,2.14,0.00154333,0.00349277,0.00300528
313,gas,270,91.94,0.621309,1.52,1.30
314,funfair,256,0.191066,0.00105506,0.00372874,0.00328061
315,aave-eth,61,484.33,217.48,411.92,411.92
316,metaverse-etp,326,5.56,0.05696230,0.185615,0.156601
317,sentivate,353,0.01164059,0.00005608,0.00518419,0.00369026
318,compound-usd-coin,59,0.05884341,0.01682307,0.02122961,0.02117636
319,data-exchange-token,380,0.158017,0.00792082,0.03925955,0.03323092
320,dogecoin,49,0.01758609,0.00008690,0.00267627,0.00258582
321,darwinia-network-native-token,291,0.184006,0.00149943,0.03850475,0.03452339
322,time-new-bank,429,0.332601,0.00068192,0.00196356,0.00184835
323,tezos,19,4.44,0.350476,2.22,1.93
324,sai,364,2.86,0.926870,2.15,1.95
325,platoncoin,347,1.39,0.03571085,0.338185,0.302464
326,nectar-token,231,0.666145,0.00102922,0.166384,0.153205
327,icon,67,13.16,0.107465,0.377051,0.336447
328,numeraire,78,65.48,2.06,26.56,24.00
329,insolar,493,1.31,0.03349749,0.05806314,0.03458933
330,solve-care,184,4.89,0.03460172,0.100283,0.09412388
331,yearn-finance,50,43678,31.65,14902.33,10813.33
332,safe-haven,345,0.00711224,0.00009745,0.00241490,0.00209526
333,husd,53,1.25,0.909648,1.00,0.996232
334,revain,485,3.85,0.00987491,0.01060733,0.01059040
335,kardiachain,235,0.04763756,0.00040295,0.01614442,0.01416208
336,cvault-finance,194,9239.52,2044.81,5663.23,3654.82
337,blockstack,79,0.374608,0.04559639,0.158587,0.142566
338,ionchain,480,0.06635459,0.00170073,0.01272282,0.01244313
339,pickle-finance,275,85.24,4.41,16.82,14.88
340,reddcoin,184,0.03056470,0.00000729,0.00120054,0.00091996
341,aion,208,11.31,0.04134703,0.07479468,0.06118359
342,nuls,257,8.53,0.09717774,0.244729,0.201543
343,dmm-governance,371,1.77,0.185667,0.229290,0.192509
344,pluton,456,32.76,0.308461,7.15,6.13
345,vite,387,0.127965,0.00560382,0.01794009,0.01611041
346,apollo,298,0.00373006,0.00039576,0.00111015,0.00102833
347,naga,461,3.74,0.00760807,0.110435,0.07406465
348,lbry-credits,368,1.60,0.00483425,0.02111612,0.01942602
349,stakenet,315,0.888030,0.02179639,0.142850,0.110380
350,metahash,395,0.09785863,0.00137556,0.00371791,0.00348351
351,usdk,190,1.11,0.941067,0.999899,0.993663
352,loopring,72,2.40,0.01963893,0.169603,0.130736
353,bitshares,148,0.923921,0.00271635,0.01916008,0.01700436
354,swipe,117,4.98,0.161303,1.13,0.871537
355,irisnet,163,0.284943,0.00825108,0.05831783,0.04820363
356,moviebloc,496,0.00646599,0.00042973,0.00155409,0.00140299
357,stratis,167,22.77,0.01140710,0.453303,0.410655
358,pirate-chain,312,0.293915,0.01114039,0.08396442,0.07914951
359,dent,286,0.100600,0.00007065,0.00021611,0.00019205
360,raiden-network,357,8.65,0.04650080,0.197257,0.147506
361,solana,118,4.89,0.500801,1.96,1.43
362,cashbet-coin,324,0.577810,0.00341291,0.06020377,0.01379954
363,polkadot,8,6.80,2.70,4.69,4.05
364,uma,43,27.54,0.303625,8.23,7.17
365,huobi-btc,,,,,
366,voyager-token,188,12.47,0.01689847,0.171657,0.146065
367,steem,130,8.19,0.07199042,0.160465,0.149800
368,eight-hours,180,0.03864720,0.00072979,0.02397178,0.01782821
369,skycoin,395,49.23,0.200521,0.539001,0.420515
370,mco,174,22.02,0.705190,2.76,2.41
371,gemini-dollar,280,3.30,0.782610,1.03,0.992637
372,electroneum,149,0.207854,0.00134783,0.00492597,0.00434682
373,unilayer,470,0.682003,0.135555,0.334774,0.306477
374,certik,262,1.95,0.788122,1.37,0.965039
375,statera,472,0.466452,0.00000154,0.08724573,0.06955278
376,ergo,333,29.58,0.09419116,0.566059,0.457914
377,nxt,359,1.86,0.00232313,0.00972294,0.00950761
378,nexus,341,13.75,0.00075902,0.193858,0.179434
379,matic-network,125,0.04490755,0.00314376,0.01764069,0.01385128
380,just,187,0.09084959,0.00476275,0.02652933,0.02443536
381,factom,372,79.45,0.07499940,1.04,0.951009
382,kleros,185,0.192355,0.00195902,0.07607894,0.06413216
383,namecoin,418,13.11,0.02967395,0.458882,0.426875
384,bibox-token,441,1.77,0.05372591,0.05797925,0.05495526
385,bitkan,336,0.02442838,0.00114167,0.00235325,0.00215994
386,nexus-mutual,70,75.73,6.96,28.76,22.74
387,zap,338,1.16,0.00132942,0.05437544,0.04843013
388,arcblock,414,1.65,0.04949826,0.07942773,0.07380611
389,mantra-dao,376,0.623349,0.06518801,0.100363,0.07012421
390,enjin-coin,81,0.464609,0.01865964,0.147569,0.132449
391,0chain,398,0.516666,0.00073945,0.210965,0.177953
392,content-value-network,407,0.03534629,0.00189374,0.01893653,0.01179175
393,populous,410,75.19,0.146812,0.213964,0.195544
394,gifto,468,0.964192,0.00283956,0.00904328,0.00789799
395,decred,75,129.37,0.431540,12.65,11.90
396,thorchain,102,1.16,0.00851264,0.497025,0.396385
397,pivx,254,13.56,0.00052324,0.385803,0.309477
398,lien,434,956.78,26.89,43.43,35.14
399,unitrade,400,2.60,0.103202,0.358642,0.292184
400,dos-network,431,0.388179,0.00075033,0.06728528,0.04993926
401,roobee,517,0.01855964,0.00169000,0.00457093,0.00383437
402,aave-tusd,119,1.10,0.960935,1.00,0.997948
403,basic-attention-token,55,0.959505,0.07239381,0.221752,0.189341
404,measurable-data-token,427,0.124246,0.00173261,0.01170774,0.01040282
405,eosdt,481,1.70,0.09656282,1.01,0.987468
406,holo,101,0.00254060,0.00022020,0.00052490,0.00047278
407,prometeus,288,3.69,0.08874691,2.81,2.41
408,mainframe,277,0.02526886,0.00039058,0.00212659,0.00195539
409,einsteinium,354,2.58,0.00005880,0.04957254,0.04609190
410,cindicator,282,0.310116,0.00222064,0.00971968,0.00852326
411,coti,294,0.226916,0.00556342,0.03528766,0.02874361
412,navcoin,420,4.93,0.00055988,0.133893,0.102484
413,aave-usdt,337,100.21,0.971619,1.00,0.999429
414,digitex-futures-exchange,233,0.162694,0.00602559,0.02875869,0.02373891
415,xdai-stake,212,41.03,0.514278,13.93,9.01
416,zilliqa,66,0.230307,0.00239616,0.01963828,0.01750877
417,dai,26,1.22,0.903243,1.01,1.00
418,curve-dao-token,159,54.01,0.332875,0.642796,0.337532
419,komodo,127,11.54,0.03708140,0.523524,0.462052
420,sentinel-protocol,466,0.09744136,0.00711090,0.01909620,0.01790128
421,meta,392,11.03,0.932695,1.24,1.01
422,velas,122,0.08955788,0.01225373,0.04490623,0.03596149
423,aave,48,56.16,27.86,41.56,29.18
424,compound-uniswap,172,0.05827516,0.04664504,0.05585946,0.05103926
425,melon,239,258.26,1.79,24.31,18.01
426,iotex,154,0.08284859,0.00121576,0.00733679,0.00636890
427,aave-wbtc,399,13729.20,8855.78,13646.80,12827.39
428,ultra,175,0.230191,0.02137354,0.09320964,0.08090088
429,metronome,382,4.43,0.140512,0.827984,0.761871
430,handshake,213,0.677447,0.07549427,0.110176,0.08699654
431,balancer,100,37.01,6.65,12.74,10.36
432,haven,222,7.27,0.08198911,1.87,1.74
433,loki-network,243,1.20,0.107350,0.461969,0.421874
434,ethereum-classic,33,44.34,0.615038,5.54,5.29
435,lisk,73,34.92,0.101672,1.12,1.05
436,rif-token,120,0.275168,0.00914750,0.09937338,0.09463370
437,first-blood,364,2.78,0.01867844,0.152714,0.114994
438,tellor,200,87.63,0.01001379,29.61,20.58
439,oduwa-coin,591,3.03,0.01636126,0.478474,0.247764
440,xmax,457,0.00639084,0.00012563,0.00028013,0.00022545
441,ubiq,450,6.82,0.00233382,0.159178,0.138341
442,moeda-loyalty-points,363,5.39,0.217663,0.623224,0.463461
443,tether-gold,92,2035.61,1447.84,1908.02,1863.96
444,sport-and-leisure,479,0.02696979,0.00018874,0.02362087,0.02220792
445,binance-usd,29,1.15,0.906729,1.00,0.999741
446,bip,379,0.04299989,0.00214523,0.00327106,0.00294592
447,phala-network,299,0.231417,0.06459355,0.184193,0.112080
448,compound-dai,20,0.03159087,0.00728854,0.02093353,0.02079220
449,iexec-rlc,134,4.05,0.153815,0.926601,0.753022
450,te-food,,,,,
451,livepeer,170,11.22,0.354051,1.99,1.67
452,synthetix-network-token,41,7.84,0.03478640,3.79,3.27
453,vechain,31,0.02637160,0.00191713,0.01227620,0.01017074
454,lcx,425,0.03158062,0.00007085,0.01378688,0.01138832
455,compound-usdt,178,0.02087506,0.01028360,0.02031365,0.02030207
456,chimpion,197,1.20,0.00534990,0.880003,0.650885
457,aergo,340,0.516970,0.01354723,0.04642276,0.04214064
458,beowulf,268,0.03920592,0.01476012,0.02232495,0.01712494
459,digibyte,54,0.135235,0.00003099,0.02196029,0.01961157
460,nem,27,1.87,0.00008482,0.107555,0.09314139
461,binance-coin,7,39.68,0.03981770,31.58,29.82
462,hashgard,206,0.01045715,0.00000977,0.00022966,0.00020431
463,yusd,109,2.45,0.931607,1.17,1.16
464,horizen,128,65.14,3.26,5.81,5.32
465,omg-network,42,25.62,0.350917,3.52,2.88
466,refereum,490,0.02110855,0.00026445,0.00177230,0.00115868
467,chiliz,139,0.02230784,0.00410887,0.01091887,0.00954528
468,digitalnote,459,0.06455610,0.00001196,0.00130334,0.00106457
469,bit-z-token,304,0.280713,0.06427267,0.117290,0.108040
470,maker,37,1798.70,168.36,600.03,533.86
471,b2bx,327,1.45,0.122030,0.755796,0.605627
472,ftx-token,45,4.51,1.15,4.02,3.76
473,carry,314,0.08436898,0.00083473,0.00172240,0.00163708
474,iocoin,324,18.20,0.00021064,1.82,0.148346
475,augur,116,341.85,0.00000000,13.60,12.45
476,fusion,290,9.76,0.08602714,0.282281,0.251921
477,aave-usdc,85,100.30,0.969070,1.00,0.997501
478,celsius-network-token,38,1.47,0.02620268,1.35,1.27
479,hxro,135,0.253369,0.00914678,0.239409,0.208656
480,kucoin-shares,113,20.17,0.342863,0.907204,0.848548
481,gxchain,224,10.61,0.189778,0.428081,0.355775
482,wom-protocol,240,0.430030,0.02551045,0.251656,0.207233
483,bitcoin-gold,77,456.25,4.25,7.90,7.15
484,coinhe-token,498,0.607994,0.05227765,0.07886802,0.07459401
485,arweave,87,7.57,0.298788,2.95,2.39
486,bitcoin-2,397,36.05,0.04579263,0.497768,0.389362
487,quantum-resistant-ledger,375,3.87,0.04161056,0.142311,0.121424
488,ripio-credit-network,259,0.525707,0.00003887,0.04370112,0.03857586
489,airswap,249,1.85,0.00718622,0.137469,0.106865
490,stp-network,311,0.09121014,0.00646736,0.01823019,0.01626254
491,rocket-pool,143,4.20,0.00884718,3.68,2.94
492,origin-protocol,271,0.834096,0.103356,0.171887,0.142820
493,titanswap,135,0.670397,0.193159,0.657318,0.464403
494,nexo,96,2.20,0.04515276,0.163685,0.143272
495,stormx,294,0.165032,0.00057665,0.00224948,0.00195418
496,neo,24,198.38,0.07834940,18.31,15.27
497,stellar,17,0.875563,0.00047612,0.08536933,0.07740420
498,aavegotchi,356,0.969960,0.487791,0.599033,0.499888
